"Level1,Level2,Level3,Level4"
"スポーツ・アウトドア,アウトドア,テント・タープ,ファミリー用ドームテント"
"スポーツ・アウトドア,アウトドア,テント・タープ,ソロキャンプ用ワンタッチテント"
"スポーツ・アウトドア,アウトドア,テント・タープ,軽量アルミポールテント"
"スポーツ・アウトドア,アウトドア,テント・タープ,タープ付キャンプテント"
"スポーツ・アウトドア,アウトドア,バーベキュー用品,炭火グリル"
"スポーツ・アウトドア,アウトドア,バーベキュー用品,コンパクトバーベキューコンロ"
"スポーツ・アウトドア,アウトドア,バーベキュー用品,ポータブルバーベキューセット"
"スポーツ・アウトドア,アウトドア,バーベキュー用品,アルミ製バーベキュー網"
"スポーツ・アウトドア,アウトドア,アウトドア照明,LEDランタン"
"スポーツ・アウトドア,アウトドア,アウトドア照明,防水ハンディライト"
"スポーツ・アウトドア,アウトドア,アウトドア照明,ソーラー充電ライト"
"スポーツ・アウトドア,アウトドア,アウトドア照明,USB充電式キャンプライト"
"スポーツ・アウトドア,アウトドア,寝具,保温性高い寝袋"
"スポーツ・アウトドア,アウトドア,寝具,エアーマットレス"
"スポーツ・アウトドア,アウトドア,寝具,折りたたみキャンプマット"
"スポーツ・アウトドア,アウトドア,寝具,防水ピローパッド"
"スポーツ・アウトドア,ゴルフ,クラブ,最新型ドライバー"
"スポーツ・アウトドア,ゴルフ,クラブ,軽量フェアウェイウッド"
"スポーツ・アウトドア,ゴルフ,クラブ,カーボン製アイアンセット"
"スポーツ・アウトドア,ゴルフ,クラブ,高精度パター"
"スポーツ・アウトドア,ゴルフ,ボール,スピンコントロールボール"
"スポーツ・アウトドア,ゴルフ,ボール,ディスタンス向上ボール"
"スポーツ・アウトドア,ゴルフ,ボール,高耐久ボール"
"スポーツ・アウトドア,ゴルフ,ボール,カスタムカラーボール"
"スポーツ・アウトドア,ゴルフ,シューズ,プロ仕様ゴルフシューズ"
"スポーツ・アウトドア,ゴルフ,シューズ,快適ウォーキングゴルフシューズ"
"スポーツ・アウトドア,ゴルフ,シューズ,防水ゴルフスパイク"
"スポーツ・アウトドア,ゴルフ,シューズ,軽量スパイクレスシューズ"
"スポーツ・アウトドア,ゴルフ,ウェア,吸汗速乾ポロシャツ"
"スポーツ・アウトドア,ゴルフ,ウェア,ストレッチパンツ"
"スポーツ・アウトドア,ゴルフ,ウェア,UVカットキャップ"
"スポーツ・アウトドア,ゴルフ,ウェア,通気性アウター"
"スポーツ・アウトドア,野球,グローブ,プロ仕様ソフトボールグローブ"
"スポーツ・アウトドア,野球,グローブ,硬式用レザーグローブ"
"スポーツ・アウトドア,野球,グローブ,小型ジュニアグローブ"
"スポーツ・アウトドア,野球,グローブ,左右対応グローブ"
"スポーツ・アウトドア,野球,バット,木製クラシックバット"
"スポーツ・アウトドア,野球,バット,アルミ製軽量バット"
"スポーツ・アウトドア,野球,バット,パフォーマンス向上バット"
"スポーツ・アウトドア,野球,バット,ジュニア用バット"
"スポーツ・アウトドア,野球,ウェア,メジャーリーグレプリカシャツ"
"スポーツ・アウトドア,野球,ウェア,通気性キャップ"
"スポーツ・アウトドア,野球,ウェア,ユニフォームパンツ"
"スポーツ・アウトドア,野球,ウェア,汗拭きバンダナ"
"スポーツ・アウトドア,野球,シューズ,トラクショングリップスパイク"
"スポーツ・アウトドア,野球,シューズ,軽量防滑シューズ"
"スポーツ・アウトドア,野球,シューズ,屋内用トレーニングシューズ"
"スポーツ・アウトドア,野球,シューズ,ソフトソールシューズ"
"スポーツ・アウトドア,サッカー,ボール,FIFA認定サッカーボール"
"スポーツ・アウトドア,サッカー,ボール,トレーニング用ミニボール"
"スポーツ・アウトドア,サッカー,ボール,耐久性高い合成ボール"
"スポーツ・アウトドア,サッカー,ボール,公式試合用ボール"
"スポーツ・アウトドア,サッカー,シューズ,軽量スパイクシューズ"
"スポーツ・アウトドア,サッカー,シューズ,人工芝対応シューズ"
"スポーツ・アウトドア,サッカー,シューズ,屋内用フットサルシューズ"
"スポーツ・アウトドア,サッカー,シューズ,アンクルサポートシューズ"
"スポーツ・アウトドア,サッカー,ウェア,吸汗速乾サッカージャージ"
"スポーツ・アウトドア,サッカー,ウェア,軽量トレーニングショーツ"
"スポーツ・アウトドア,サッカー,ウェア,コンプレッションソックス"
"スポーツ・アウトドア,サッカー,ウェア,公式レプリカユニフォーム"
"スポーツ・アウトドア,サッカー,アクセサリー,サッカー用レッグガード"
"スポーツ・アウトドア,サッカー,アクセサリー,トレーニング用ボールポンプ"
"スポーツ・アウトドア,サッカー,アクセサリー,ドリブル練習用アジリティラダー"
"スポーツ・アウトドア,サッカー,アクセサリー,フットサル用ゴールネット"
"ダイエット・健康,ダイエットサプリ,カルニチン系,L-カルニチンサプリメント"
"ダイエット・健康,ダイエットサプリ,カルニチン系,アセチルL-カルニチン錠"
"ダイエット・健康,ダイエットサプリ,カルニチン系,カルニチン＋CLA"
"ダイエット・健康,ダイエットサプリ,カルニチン系,高吸収型カルニチンカプセル"
"ダイエット・健康,ダイエットサプリ,酵素系,野菜酵素ドリンク"
"ダイエット・健康,ダイエットサプリ,酵素系,果実酵素サプリ"
"ダイエット・健康,ダイエットサプリ,酵素系,植物発酵酵素タブレット"
"ダイエット・健康,ダイエットサプリ,酵素系,酵素ブレンドパウダー"
"ダイエット・健康,ダイエットサプリ,プロテイン系,ホエイプロテインアイソレート"
"ダイエット・健康,ダイエットサプリ,プロテイン系,ソイプロテインパウダー"
"ダイエット・健康,ダイエットサプリ,プロテイン系,カゼインプロテインミックス"
"ダイエット・健康,ダイエットサプリ,プロテイン系,プロテインバー(低糖質)"
"ダイエット・健康,ダイエットサプリ,ビタミン・ミネラル,マルチビタミンサプリ"
"ダイエット・健康,ダイエットサプリ,ビタミン・ミネラル,ビタミンB群サプリ"
"ダイエット・健康,ダイエットサプリ,ビタミン・ミネラル,高濃度ビタミンC錠"
"ダイエット・健康,ダイエットサプリ,ビタミン・ミネラル,カルシウム＋マグネシウムサプリ"
"ダイエット・健康,ダイエット食品,低糖質食品,低糖質パン"
"ダイエット・健康,ダイエット食品,低糖質食品,低糖質パスタ"
"ダイエット・健康,ダイエット食品,低糖質食品,低糖質ライス"
"ダイエット・健康,ダイエット食品,低糖質食品,低糖質スイーツ"
"ダイエット・健康,ダイエット食品,置き換え食品,ダイエットシェイク"
"ダイエット・健康,ダイエット食品,置き換え食品,ダイエットスムージー"
"ダイエット・健康,ダイエット食品,置き換え食品,プロテインダイエットスープ"
"ダイエット・健康,ダイエット食品,置き換え食品,ダイエットゼリー"
"ダイエット・健康,ダイエット食品,ダイエットスープ,トマトベースダイエットスープ"
"ダイエット・健康,ダイエット食品,ダイエットスープ,野菜ブロスダイエットスープ"
"ダイエット・健康,ダイエット食品,ダイエットスープ,鶏だしダイエットスープ"
"ダイエット・健康,ダイエット食品,ダイエットスープ,味噌ベースダイエットスープ"
"ダイエット・健康,ダイエット食品,ダイエットおやつ,プロテインクッキー"
"ダイエット・健康,ダイエット食品,ダイエットおやつ,オートミールバー"
"ダイエット・健康,ダイエット食品,ダイエットおやつ,グルテンフリースナック"
"ダイエット・健康,ダイエット食品,ダイエットおやつ,低カロリーケーキ"
"ダイエット・健康,健康サプリ,マルチビタミン,全方位マルチビタミン錠"
"ダイエット・健康,健康サプリ,マルチビタミン,鉄・葉酸配合サプリ"
"ダイエット・健康,健康サプリ,マルチビタミン,亜鉛プラスマルチ"
"ダイエット・健康,健康サプリ,マルチビタミン,高吸収マルチビタミン"
"ダイエット・健康,健康サプリ,コラーゲン,低分子コラーゲンドリンク"
"ダイエット・健康,健康サプリ,コラーゲン,魚由来コラーゲンペプチド"
"ダイエット・健康,健康サプリ,コラーゲン,コラーゲン＋ヒアルロン酸"
"ダイエット・健康,健康サプリ,コラーゲン,美容コラーゲンサプリ"
"ダイエット・健康,健康サプリ,DHA・EPA,青魚由来DHAサプリ"
"ダイエット・健康,健康サプリ,DHA・EPA,EPA＋オメガ3サプリ"
"ダイエット・健康,健康サプリ,DHA・EPA,高濃度DHA・EPAカプセル"
"ダイエット・健康,健康サプリ,DHA・EPA,クリルオイルサプリ"
"ダイエット・健康,健康サプリ,乳酸菌,乳酸菌シロタ株サプリ"
"ダイエット・健康,健康サプリ,乳酸菌,ビフィズス菌配合サプリ"
"ダイエット・健康,健康サプリ,乳酸菌,ラクトフェリン乳酸菌"
"ダイエット・健康,健康サプリ,乳酸菌,オリゴ糖配合乳酸菌"
"ダイエット・健康,健康グッズ,マッサージ器,ハンディマッサージャー"
"ダイエット・健康,健康グッズ,マッサージ器,フットマッサージャー"
"ダイエット・健康,健康グッズ,マッサージ器,ネックマッサージピロー"
"ダイエット・健康,健康グッズ,マッサージ器,マッサージガン"
"ダイエット・健康,健康グッズ,体組成計,スマホ連動体組成計"
"ダイエット・健康,健康グッズ,体組成計,高精度体重体組成計"
"ダイエット・健康,健康グッズ,体組成計,BMI測定体組成計"
"ダイエット・健康,健康グッズ,体組成計,Bluetooth体組成計"
"ダイエット・健康,健康グッズ,睡眠グッズ,快眠ピロー"
"ダイエット・健康,健康グッズ,睡眠グッズ,低反発マットレス"
"ダイエット・健康,健康グッズ,睡眠グッズ,アイマスク"
"ダイエット・健康,健康グッズ,睡眠グッズ,耳栓付きスリープキット"
"ダイエット・健康,健康グッズ,姿勢サポート,姿勢矯正ベルト"
"ダイエット・健康,健康グッズ,姿勢サポート,骨盤サポートクッション"
"ダイエット・健康,健康グッズ,姿勢サポート,背中サポートパッド"
"ダイエット・健康,健康グッズ,姿勢サポート,アーチサポートインソール"
"医薬品・コンタクト・介護,医薬品,風邪薬,総合感冒薬"
"医薬品・コンタクト・介護,医薬品,風邪薬,カゼ予防薬"
"医薬品・コンタクト・介護,医薬品,風邪薬,咳止めシロップ"
"医薬品・コンタクト・介護,医薬品,風邪薬,点鼻タイプ感冒薬"
"医薬品・コンタクト・介護,医薬品,鎮痛薬,頭痛用鎮痛剤"
"医薬品・コンタクト・介護,医薬品,鎮痛薬,関節痛緩和剤"
"医薬品・コンタクト・介護,医薬品,鎮痛薬,生理痛用鎮痛剤"
"医薬品・コンタクト・介護,医薬品,鎮痛薬,筋肉痛用鎮痛パッチ"
"医薬品・コンタクト・介護,医薬品,解熱薬,解熱鎮痛剤"
"医薬品・コンタクト・介護,医薬品,解熱薬,小児用解熱剤"
"医薬品・コンタクト・介護,医薬品,解熱薬,漢方系解熱薬"
"医薬品・コンタクト・介護,医薬品,解熱薬,錠剤タイプ解熱薬"
"医薬品・コンタクト・介護,医薬品,鼻炎薬,抗ヒスタミン剤"
"医薬品・コンタクト・介護,医薬品,鼻炎薬,点鼻用鼻炎薬"
"医薬品・コンタクト・介護,医薬品,鼻炎薬,内服アレルギー薬"
"医薬品・コンタクト・介護,医薬品,鼻炎薬,漢方系鼻炎薬"
"医薬品・コンタクト・介護,コンタクト,1day,高保湿1dayレンズ"
"医薬品・コンタクト・介護,コンタクト,1day,乱視用1dayレンズ"
"医薬品・コンタクト・介護,コンタクト,1day,遠近両用1dayレンズ"
"医薬品・コンタクト・介護,コンタクト,1day,超薄型1dayレンズ"
"医薬品・コンタクト・介護,コンタクト,2week,通常2weekレンズ"
"医薬品・コンタクト・介護,コンタクト,2week,乱視用2weekレンズ"
"医薬品・コンタクト・介護,コンタクト,2week,遠近両用2weekレンズ"
"医薬品・コンタクト・介護,コンタクト,2week,高水分2weekレンズ"
"医薬品・コンタクト・介護,コンタクト,カラコン,ブラウンカラコン"
"医薬品・コンタクト・介護,コンタクト,カラコン,ナチュラルカラコン"
"医薬品・コンタクト・介護,コンタクト,カラコン,グレーカラコン"
"医薬品・コンタクト・介護,コンタクト,カラコン,ブルーカラコン"
"医薬品・コンタクト・介護,コンタクト,ハードレンズ,酸素透過性ハードレンズ"
"医薬品・コンタクト・介護,コンタクト,ハードレンズ,乱視用ハードレンズ"
"医薬品・コンタクト・介護,コンタクト,ハードレンズ,遠近両用ハードレンズ"
"医薬品・コンタクト・介護,コンタクト,ハードレンズ,耐久性高いハードレンズ"
"医薬品・コンタクト・介護,衛生用品,マスク,不織布マスク(50枚入り)"
"医薬品・コンタクト・介護,衛生用品,マスク,不織布マスク(個包装)"
"医薬品・コンタクト・介護,衛生用品,マスク,高機能抗菌マスク"
"医薬品・コンタクト・介護,衛生用品,マスク,子供用カラフルマスク"
"医薬品・コンタクト・介護,衛生用品,消毒液,アルコール消毒液"
"医薬品・コンタクト・介護,衛生用品,消毒液,ノンアルコール消毒ジェル"
"医薬品・コンタクト・介護,衛生用品,消毒液,スプレータイプ消毒液"
"医薬品・コンタクト・介護,衛生用品,消毒液,抗菌ウエットティッシュ"
"医薬品・コンタクト・介護,衛生用品,絆創膏,防水絆創膏"
"医薬品・コンタクト・介護,衛生用品,絆創膏,大人用厚手絆創膏"
"医薬品・コンタクト・介護,衛生用品,絆創膏,子供用キャラクター絆創膏"
"医薬品・コンタクト・介護,衛生用品,絆創膏,高粘着絆創膏"
"医薬品・コンタクト・介護,衛生用品,体温計,電子体温計"
"医薬品・コンタクト・介護,衛生用品,体温計,赤外線体温計"
"医薬品・コンタクト・介護,衛生用品,体温計,耳式体温計"
"医薬品・コンタクト・介護,衛生用品,体温計,非接触体温計"
"医薬品・コンタクト・介護,介護用品,車椅子,自走式車椅子"
"医薬品・コンタクト・介護,介護用品,車椅子,介助式車椅子"
"医薬品・コンタクト・介護,介護用品,車椅子,軽量折りたたみ車椅子"
"医薬品・コンタクト・介護,介護用品,車椅子,リクライニング車椅子"
"医薬品・コンタクト・介護,介護用品,歩行器,シルバーカー"
"医薬品・コンタクト・介護,介護用品,歩行器,アルミ製歩行器"
"医薬品・コンタクト・介護,介護用品,歩行器,室内用歩行器"
"医薬品・コンタクト・介護,介護用品,歩行器,多機能歩行器"
"医薬品・コンタクト・介護,介護用品,介護ベッド,電動リクライニングベッド"
"医薬品・コンタクト・介護,介護用品,介護ベッド,サイドレール付き介護ベッド"
"医薬品・コンタクト・介護,介護用品,介護ベッド,低床介護ベッド"
"医薬品・コンタクト・介護,介護用品,介護ベッド,調節機能付き介護ベッド"
"医薬品・コンタクト・介護,介護用品,介護食,とろみ調整食"
"医薬品・コンタクト・介護,介護用品,介護食,嚥下食(ペースト)"
"医薬品・コンタクト・介護,介護用品,介護食,栄養補助食品(介護用)"
"医薬品・コンタクト・介護,介護用品,介護食,ソフト食セット"
"ベビー・キッズ・マタニティ,ベビー服,ロンパース,新生児用ロンパース"
"ベビー・キッズ・マタニティ,ベビー服,ロンパース,長袖オーガニックロンパース"
"ベビー・キッズ・マタニティ,ベビー服,ロンパース,前開きロンパース"
"ベビー・キッズ・マタニティ,ベビー服,ロンパース,吸水性高いロンパース"
"ベビー・キッズ・マタニティ,ベビー服,ボディスーツ,タンクトップボディスーツ"
"ベビー・キッズ・マタニティ,ベビー服,ボディスーツ,長袖ボディスーツ"
"ベビー・キッズ・マタニティ,ベビー服,ボディスーツ,フロントジッパーボディ"
"ベビー・キッズ・マタニティ,ベビー服,ボディスーツ,敏感肌用ボディスーツ"
"ベビー・キッズ・マタニティ,ベビー服,ベビードレス,フリル付きドレス"
"ベビー・キッズ・マタニティ,ベビー服,ベビードレス,レースベビードレス"
"ベビー・キッズ・マタニティ,ベビー服,ベビードレス,カジュアルベビードレス"
"ベビー・キッズ・マタニティ,ベビー服,ベビードレス,フォーマルベビードレス"
"ベビー・キッズ・マタニティ,ベビー服,カバーオール,フリースカバーオール"
"ベビー・キッズ・マタニティ,ベビー服,カバーオール,ダウンカバーオール"
"ベビー・キッズ・マタニティ,ベビー服,カバーオール,オーガニックカバーオール"
"ベビー・キッズ・マタニティ,ベビー服,カバーオール,パイルカバーオール"
"ベビー・キッズ・マタニティ,ベビーカー,A型,新生児対応A型ベビーカー"
"ベビー・キッズ・マタニティ,ベビーカー,A型,リクライニングA型ベビーカー"
"ベビー・キッズ・マタニティ,ベビーカー,A型,軽量A型ベビーカー"
"ベビー・キッズ・マタニティ,ベビーカー,A型,多機能A型ベビーカー"
"ベビー・キッズ・マタニティ,ベビーカー,B型,成長対応B型ベビーカー"
"ベビー・キッズ・マタニティ,ベビーカー,B型,コンパクトB型ベビーカー"
"ベビー・キッズ・マタニティ,ベビーカー,B型,折りたたみB型ベビーカー"
"ベビー・キッズ・マタニティ,ベビーカー,B型,リクライニングB型ベビーカー"
"ベビー・キッズ・マタニティ,ベビーカー,二人乗り,縦型二人乗りベビーカー"
"ベビー・キッズ・マタニティ,ベビーカー,二人乗り,横型二人乗りベビーカー"
"ベビー・キッズ・マタニティ,ベビーカー,二人乗り,双子対応二人乗りベビーカー"
"ベビー・キッズ・マタニティ,ベビーカー,二人乗り,独立リクライニング二人乗り"
"ベビー・キッズ・マタニティ,ベビーカー,バギー,軽量バギータイプ"
"ベビー・キッズ・マタニティ,ベビーカー,バギー,ジョギング用バギー"
"ベビー・キッズ・マタニティ,ベビーカー,バギー,折りたたみバギー"
"ベビー・キッズ・マタニティ,ベビーカー,バギー,快適シートバギー"
"ベビー・キッズ・マタニティ,おむつ,テープタイプ,新生児用テープおむつ"
"ベビー・キッズ・マタニティ,おむつ,テープタイプ,Sサイズテープおむつ"
"ベビー・キッズ・マタニティ,おむつ,テープタイプ,Mサイズテープおむつ"
"ベビー・キッズ・マタニティ,おむつ,テープタイプ,大容量テープおむつ"
"ベビー・キッズ・マタニティ,おむつ,パンツタイプ,キッズ用パンツおむつ"
"ベビー・キッズ・マタニティ,おむつ,パンツタイプ,軽量パンツおむつ"
"ベビー・キッズ・マタニティ,おむつ,パンツタイプ,吸収力アップパンツ"
"ベビー・キッズ・マタニティ,おむつ,パンツタイプ,敏感肌用パンツおむつ"
"ベビー・キッズ・マタニティ,おむつ,トレーニング,おねしょ対策トレーニングパンツ"
"ベビー・キッズ・マタニティ,おむつ,トレーニング,色変わりトレーニングパンツ"
"ベビー・キッズ・マタニティ,おむつ,トレーニング,軽量トレーニングパンツ"
"ベビー・キッズ・マタニティ,おむつ,トレーニング,デザイントレーニングパンツ"
"ベビー・キッズ・マタニティ,おむつ,夜用,大吸収夜用おむつ"
"ベビー・キッズ・マタニティ,おむつ,夜用,寝かしつけ夜用おむつ"
"ベビー・キッズ・マタニティ,おむつ,夜用,吸収持続夜用おむつ"
"ベビー・キッズ・マタニティ,おむつ,夜用,快適夜用おむつ"
"ベビー・キッズ・マタニティ,マタニティ用品,マタニティウェア,マタニティTシャツ"
"ベビー・キッズ・マタニティ,マタニティ用品,マタニティウェア,マタニティパンツ"
"ベビー・キッズ・マタニティ,マタニティ用品,マタニティウェア,マタニティドレス"
"ベビー・キッズ・マタニティ,マタニティ用品,マタニティウェア,リラックスマタニティウェア"
"ベビー・キッズ・マタニティ,マタニティ用品,授乳服,前開き授乳ワンピース"
"ベビー・キッズ・マタニティ,マタニティ用品,授乳服,授乳ケープトップ"
"ベビー・キッズ・マタニティ,マタニティ用品,授乳服,サポート付き授乳服"
"ベビー・キッズ・マタニティ,マタニティ用品,授乳服,オーガニック授乳服"
"ベビー・キッズ・マタニティ,マタニティ用品,マタニティブラ,ノンワイヤーマタニティブラ"
"ベビー・キッズ・マタニティ,マタニティ用品,マタニティブラ,フルカバーマタニティブラ"
"ベビー・キッズ・マタニティ,マタニティ用品,マタニティブラ,調整可能マタニティブラ"
"ベビー・キッズ・マタニティ,マタニティ用品,マタニティブラ,授乳口付きマタニティブラ"
"ベビー・キッズ・マタニティ,マタニティ用品,妊娠帯,腹巻きタイプ妊娠帯"
"ベビー・キッズ・マタニティ,マタニティ用品,妊娠帯,骨盤サポート妊娠帯"
"ベビー・キッズ・マタニティ,マタニティ用品,妊娠帯,パンツタイプ妊娠帯"
"ベビー・キッズ・マタニティ,マタニティ用品,妊娠帯,多機能妊娠帯"
"日用品雑貨・文房具・手芸,生活雑貨,トイレットペーパー,3層シングルロール"
"日用品雑貨・文房具・手芸,生活雑貨,トイレットペーパー,2層ダブルロール"
"日用品雑貨・文房具・手芸,生活雑貨,トイレットペーパー,再生紙トイレットペーパー"
"日用品雑貨・文房具・手芸,生活雑貨,トイレットペーパー,香り付きトイレットペーパー"
"日用品雑貨・文房具・手芸,生活雑貨,ティッシュ,ボックスティッシュ"
"日用品雑貨・文房具・手芸,生活雑貨,ティッシュ,ポケットティッシュ"
"日用品雑貨・文房具・手芸,生活雑貨,ティッシュ,ローションティッシュ"
"日用品雑貨・文房具・手芸,生活雑貨,ティッシュ,キッズ用ティッシュ"
"日用品雑貨・文房具・手芸,生活雑貨,ゴミ袋,キッチン用透明ゴミ袋"
"日用品雑貨・文房具・手芸,生活雑貨,ゴミ袋,粗大ゴミ用ゴミ袋"
"日用品雑貨・文房具・手芸,生活雑貨,ゴミ袋,分別用ゴミ袋"
"日用品雑貨・文房具・手芸,生活雑貨,ゴミ袋,耐久性強化ゴミ袋"
"日用品雑貨・文房具・手芸,生活雑貨,ラップ,食品保存ラップ"
"日用品雑貨・文房具・手芸,生活雑貨,ラップ,業務用ストレッチラップ"
"日用品雑貨・文房具・手芸,生活雑貨,ラップ,オーブン対応ラップ"
"日用品雑貨・文房具・手芸,生活雑貨,ラップ,再利用可能ラップ"
"日用品雑貨・文房具・手芸,文房具,ボールペン,油性ボールペン"
"日用品雑貨・文房具・手芸,文房具,ボールペン,ジェルインクボールペン"
"日用品雑貨・文房具・手芸,文房具,ボールペン,万年筆タイプボールペン"
"日用品雑貨・文房具・手芸,文房具,ボールペン,多機能ボールペン"
"日用品雑貨・文房具・手芸,文房具,ノート,大学ノートA5"
"日用品雑貨・文房具・手芸,文房具,ノート,方眼ノート"
"日用品雑貨・文房具・手芸,文房具,ノート,ルーズリーフノート"
"日用品雑貨・文房具・手芸,文房具,ノート,デザインノート"
"日用品雑貨・文房具・手芸,文房具,付箋,スタンダード付箋"
"日用品雑貨・文房具・手芸,文房具,付箋,フィルム付箋"
"日用品雑貨・文房具・手芸,文房具,付箋,強粘着付箋"
"日用品雑貨・文房具・手芸,文房具,付箋,インデックス付箋"
"日用品雑貨・文房具・手芸,文房具,シャープペンシル,0.5mmシャープペンシル"
"日用品雑貨・文房具・手芸,文房具,シャープペンシル,0.3mmシャープペンシル"
"日用品雑貨・文房具・手芸,文房具,シャープペンシル,メカニカルシャープペンシル"
"日用品雑貨・文房具・手芸,文房具,シャープペンシル,デザインシャープペンシル"
"日用品雑貨・文房具・手芸,裁縫用品,針,縫い針セット"
"日用品雑貨・文房具・手芸,裁縫用品,針,刺繍用針"
"日用品雑貨・文房具・手芸,裁縫用品,針,手芸針"
"日用品雑貨・文房具・手芸,裁縫用品,針,ミシン針"
"日用品雑貨・文房具・手芸,裁縫用品,糸,コットンミシン糸"
"日用品雑貨・文房具・手芸,裁縫用品,糸,ポリエステル縫製糸"
"日用品雑貨・文房具・手芸,裁縫用品,糸,刺繍糸"
"日用品雑貨・文房具・手芸,裁縫用品,糸,シルク糸"
"日用品雑貨・文房具・手芸,裁縫用品,はさみ,布用はさみ"
"日用品雑貨・文房具・手芸,裁縫用品,はさみ,クラフトはさみ"
"日用品雑貨・文房具・手芸,裁縫用品,はさみ,裁断はさみ"
"日用品雑貨・文房具・手芸,裁縫用品,はさみ,ピンキングはさみ"
"日用品雑貨・文房具・手芸,裁縫用品,メジャー,巻き取り式メジャー"
"日用品雑貨・文房具・手芸,裁縫用品,メジャー,ソフトメジャー"
"日用品雑貨・文房具・手芸,裁縫用品,メジャー,布用メジャー"
"日用品雑貨・文房具・手芸,裁縫用品,メジャー,業務用ロングメジャー"
"日用品雑貨・文房具・手芸,ギフト用品,ラッピングペーパー,無地ラッピングペーパー"
"日用品雑貨・文房具・手芸,ギフト用品,ラッピングペーパー,柄入りラッピングペーパー"
"日用品雑貨・文房具・手芸,ギフト用品,ラッピングペーパー,クラフトラッピングペーパー"
"日用品雑貨・文房具・手芸,ギフト用品,ラッピングペーパー,箔押しラッピングペーパー"
"日用品雑貨・文房具・手芸,ギフト用品,リボン,サテンリボン"
"日用品雑貨・文房具・手芸,ギフト用品,リボン,オーガニジーリボン"
"日用品雑貨・文房具・手芸,ギフト用品,リボン,ワイヤーリボン"
"日用品雑貨・文房具・手芸,ギフト用品,リボン,シルクリボン"
"日用品雑貨・文房具・手芸,ギフト用品,グリーティングカード,誕生日カード"
"日用品雑貨・文房具・手芸,ギフト用品,グリーティングカード,結婚祝いカード"
"日用品雑貨・文房具・手芸,ギフト用品,グリーティングカード,クリスマスカード"
"日用品雑貨・文房具・手芸,ギフト用品,グリーティングカード,お礼カード"
"日用品雑貨・文房具・手芸,ギフト用品,ギフトバッグ,紙製ギフトバッグ"
"日用品雑貨・文房具・手芸,ギフト用品,ギフトバッグ,不織布ギフトバッグ"
"日用品雑貨・文房具・手芸,ギフト用品,ギフトバッグ,巾着型ギフトバッグ"
"日用品雑貨・文房具・手芸,ギフト用品,ギフトバッグ,エコバッグタイプ"
"美容・コスメ・香水,スキンケア,化粧水,保湿化粧水"
"美容・コスメ・香水,スキンケア,化粧水,美白化粧水"
"美容・コスメ・香水,スキンケア,化粧水,敏感肌用化粧水"
"美容・コスメ・香水,スキンケア,化粧水,エイジングケア化粧水"
"美容・コスメ・香水,スキンケア,乳液,保湿乳液"
"美容・コスメ・香水,スキンケア,乳液,エイジングケア乳液"
"美容・コスメ・香水,スキンケア,乳液,オールインワン乳液"
"美容・コスメ・香水,スキンケア,乳液,軽いテクスチャー乳液"
"美容・コスメ・香水,スキンケア,美容液,ビタミンC美容液"
"美容・コスメ・香水,スキンケア,美容液,ヒアルロン酸美容液"
"美容・コスメ・香水,スキンケア,美容液,レチノール美容液"
"美容・コスメ・香水,スキンケア,美容液,コラーゲン美容液"
"美容・コスメ・香水,スキンケア,クレンジング,クレンジングオイル"
"美容・コスメ・香水,スキンケア,クレンジング,クレンジングミルク"
"美容・コスメ・香水,スキンケア,クレンジング,ジェルクレンジング"
"美容・コスメ・香水,スキンケア,クレンジング,シートクレンジング"
"美容・コスメ・香水,メイクアップ,ファンデーション,リキッドファンデーション"
"美容・コスメ・香水,メイクアップ,ファンデーション,パウダーファンデーション"
"美容・コスメ・香水,メイクアップ,ファンデーション,ミネラルファンデーション"
"美容・コスメ・香水,メイクアップ,ファンデーション,クッションファンデーション"
"美容・コスメ・香水,メイクアップ,リップ,口紅"
"美容・コスメ・香水,メイクアップ,リップ,ティントリップ"
"美容・コスメ・香水,メイクアップ,リップ,リップグロス"
"美容・コスメ・香水,メイクアップ,リップ,リップバーム"
"美容・コスメ・香水,メイクアップ,アイシャドウ,パウダーアイシャドウ"
"美容・コスメ・香水,メイクアップ,アイシャドウ,クリームアイシャドウ"
"美容・コスメ・香水,メイクアップ,アイシャドウ,リキッドアイシャドウ"
"美容・コスメ・香水,メイクアップ,アイシャドウ,アイシャドウパレット"
"美容・コスメ・香水,メイクアップ,マスカラ,ボリュームマスカラ"
"美容・コスメ・香水,メイクアップ,マスカラ,ロングラッシュマスカラ"
"美容・コスメ・香水,メイクアップ,マスカラ,ウォータープルーフマスカラ"
"美容・コスメ・香水,メイクアップ,マスカラ,フィルムタイプマスカラ"
"美容・コスメ・香水,ヘアケア,シャンプー,ノンシリコンシャンプー"
"美容・コスメ・香水,ヘアケア,シャンプー,スカルプシャンプー"
"美容・コスメ・香水,ヘアケア,シャンプー,アミノ酸系シャンプー"
"美容・コスメ・香水,ヘアケア,シャンプー,ダメージケアシャンプー"
"美容・コスメ・香水,ヘアケア,コンディショナー,ボリュームダウンコンディショナー"
"美容・コスメ・香水,ヘアケア,コンディショナー,カラーヘア用コンディショナー"
"美容・コスメ・香水,ヘアケア,コンディショナー,オーガニックコンディショナー"
"美容・コスメ・香水,ヘアケア,コンディショナー,集中ケアコンディショナー"
"美容・コスメ・香水,ヘアケア,トリートメント,洗い流すトリートメント"
"美容・コスメ・香水,ヘアケア,トリートメント,洗い流さないトリートメント"
"美容・コスメ・香水,ヘアケア,トリートメント,集中ヘアマスク"
"美容・コスメ・香水,ヘアケア,トリートメント,カラーケアトリートメント"
"美容・コスメ・香水,ヘアケア,ヘアオイル,アルガンオイル"
"美容・コスメ・香水,ヘアケア,ヘアオイル,椿油"
"美容・コスメ・香水,ヘアケア,ヘアオイル,シリコンオイル"
"美容・コスメ・香水,ヘアケア,ヘアオイル,マルチオイルブレンド"
"美容・コスメ・香水,香水,オードトワレ,フローラルオードトワレ"
"美容・コスメ・香水,香水,オードトワレ,フルーティオードトワレ"
"美容・コスメ・香水,香水,オードトワレ,シトラスオードトワレ"
"美容・コスメ・香水,香水,オードトワレ,ウッディオードトワレ"
"美容・コスメ・香水,香水,オードパルファム,スパイシーオードパルファム"
"美容・コスメ・香水,香水,オードパルファム,グルマンオードパルファム"
"美容・コスメ・香水,香水,オードパルファム,オリエンタルオードパルファム"
"美容・コスメ・香水,香水,オードパルファム,フローラルオードパルファム"
"美容・コスメ・香水,香水,フレグランスミスト,ボディミスト"
"美容・コスメ・香水,香水,フレグランスミスト,ヘアミスト"
"美容・コスメ・香水,香水,フレグランスミスト,ファブリックミスト"
"美容・コスメ・香水,香水,フレグランスミスト,リフレッシュミスト"
"美容・コスメ・香水,香水,ロールオン,ロールオンフレグランス"
"美容・コスメ・香水,香水,ロールオン,パルファムロールオン"
"美容・コスメ・香水,香水,ロールオン,アロマロールオン"
"美容・コスメ・香水,香水,ロールオン,ミニロールオン"
"食品,フルーツ,りんご,ふじ"
"食品,フルーツ,りんご,つがる"
"食品,フルーツ,りんご,王林"
"食品,フルーツ,りんご,紅玉"
"食品,フルーツ,みかん,温州みかん"
"食品,フルーツ,みかん,有田みかん"
"食品,フルーツ,みかん,デコポン"
"食品,フルーツ,みかん,はるみ"
"食品,フルーツ,バナナ,フィリピン産バナナ"
"食品,フルーツ,バナナ,エクアドル産バナナ"
"食品,フルーツ,バナナ,オーガニックバナナ"
"食品,フルーツ,バナナ,ミニバナナ"
"食品,フルーツ,ぶどう,巨峰"
"食品,フルーツ,ぶどう,シャインマスカット"
"食品,フルーツ,ぶどう,デラウェア"
"食品,フルーツ,ぶどう,マスカット・オブ・アレキサンドリア"
"食品,野菜,トマト,ミニトマト"
"食品,野菜,トマト,大玉トマト"
"食品,野菜,トマト,トマト缶"
"食品,野菜,トマト,フルーツトマト"
"食品,野菜,きゅうり,国産きゅうり"
"食品,野菜,きゅうり,曲がりきゅうり"
"食品,野菜,きゅうり,ミニきゅうり"
"食品,野菜,きゅうり,浅漬け用きゅうり"
"食品,野菜,キャベツ,春キャベツ"
"食品,野菜,キャベツ,冬キャベツ"
"食品,野菜,キャベツ,高原キャベツ"
"食品,野菜,キャベツ,カットキャベツ"
"食品,野菜,じゃがいも,男爵"
"食品,野菜,じゃがいも,メークイン"
"食品,野菜,じゃがいも,キタアカリ"
"食品,野菜,じゃがいも,インカのめざめ"
"食品,肉,牛肉,和牛(黒毛和牛)"
"食品,肉,牛肉,国産交雑牛"
"食品,肉,牛肉,オージービーフ"
"食品,肉,牛肉,USビーフ"
"食品,肉,豚肉,国産豚ロース"
"食品,肉,豚肉,三元豚"
"食品,肉,豚肉,スペアリブ"
"食品,肉,豚肉,ブランド豚"
"食品,肉,鶏肉,国産若鶏"
"食品,肉,鶏肉,銘柄鶏"
"食品,肉,鶏肉,むね肉"
"食品,肉,鶏肉,手羽先"
"食品,肉,羊肉,ラム肉"
"食品,肉,羊肉,マトン肉"
"食品,肉,羊肉,ラムチョップ"
"食品,肉,羊肉,ジンギスカン用羊肉"
"食品,魚介類,鮭,紅鮭"
"食品,魚介類,鮭,銀鮭"
"食品,魚介類,鮭,トラウトサーモン"
"食品,魚介類,鮭,時鮭"
"食品,魚介類,まぐろ,本マグロ"
"食品,魚介類,まぐろ,キハダマグロ"
"食品,魚介類,まぐろ,メバチマグロ"
"食品,魚介類,まぐろ,ビンチョウマグロ"
"食品,魚介類,いか,スルメイカ"
"食品,魚介類,いか,ヤリイカ"
"食品,魚介類,いか,剣先イカ"
"食品,魚介類,いか,イカ刺し用イカ"
"食品,魚介類,かに,タラバガニ"
"食品,魚介類,かに,ズワイガニ"
"食品,魚介類,かに,毛ガニ"
"食品,魚介類,かに,紅ズワイガニ"
"本・雑誌・コミック,書籍,文学・小説,純文学"
"本・雑誌・コミック,書籍,文学・小説,ミステリー小説"
"本・雑誌・コミック,書籍,文学・小説,SF小説"
"本・雑誌・コミック,書籍,文学・小説,恋愛小説"
"本・雑誌・コミック,書籍,ノンフィクション,歴史書"
"本・雑誌・コミック,書籍,ノンフィクション,伝記"
"本・雑誌・コミック,書籍,ノンフィクション,社会科学"
"本・雑誌・コミック,書籍,ノンフィクション,科学・技術書"
"本・雑誌・コミック,書籍,自己啓発,成功哲学"
"本・雑誌・コミック,書籍,自己啓発,ビジネス書"
"本・雑誌・コミック,書籍,自己啓発,コミュニケーション"
"本・雑誌・コミック,書籍,自己啓発,モチベーション"
"本・雑誌・コミック,書籍,趣味・実用,料理本"
"本・雑誌・コミック,書籍,趣味・実用,旅行ガイド"
"本・雑誌・コミック,書籍,趣味・実用,DIY実践書"
"本・雑誌・コミック,書籍,趣味・実用,ライフスタイル"
"本・雑誌・コミック,雑誌,ファッション雑誌,メンズファッション"
"本・雑誌・コミック,雑誌,ファッション雑誌,レディースファッション"
"本・雑誌・コミック,雑誌,ファッション雑誌,カジュアルスタイル"
"本・雑誌・コミック,雑誌,ファッション雑誌,トレンド特集"
"本・雑誌・コミック,雑誌,生活情報雑誌,住まい情報"
"本・雑誌・コミック,雑誌,生活情報雑誌,グルメ情報"
"本・雑誌・コミック,雑誌,生活情報雑誌,健康・美容"
"本・雑誌・コミック,雑誌,生活情報雑誌,旅行特集"
"本・雑誌・コミック,雑誌,ビジネス雑誌,経済誌"
"本・雑誌・コミック,雑誌,ビジネス雑誌,IT・テクノロジー"
"本・雑誌・コミック,雑誌,ビジネス雑誌,企業特集"
"本・雑誌・コミック,雑誌,ビジネス雑誌,マーケティング"
"本・雑誌・コミック,雑誌,週刊誌,ゴシップ"
"本・雑誌・コミック,雑誌,週刊誌,政治・社会"
"本・雑誌・コミック,雑誌,週刊誌,エンタメ"
"本・雑誌・コミック,雑誌,週刊誌,事件・事故"
"本・雑誌・コミック,コミック,少年漫画,バトル漫画"
"本・雑誌・コミック,コミック,少年漫画,冒険漫画"
"本・雑誌・コミック,コミック,少年漫画,スポーツ漫画"
"本・雑誌・コミック,コミック,少年漫画,学園漫画"
"本・雑誌・コミック,コミック,少女漫画,恋愛漫画"
"本・雑誌・コミック,コミック,少女漫画,ファンタジー漫画"
"本・雑誌・コミック,コミック,少女漫画,学園恋愛"
"本・雑誌・コミック,コミック,少女漫画,ドラマ漫画"
"本・雑誌・コミック,コミック,青年漫画,シリアス漫画"
"本・雑誌・コミック,コミック,青年漫画,アクション漫画"
"本・雑誌・コミック,コミック,青年漫画,サスペンス漫画"
"本・雑誌・コミック,コミック,青年漫画,コメディ漫画"
"本・雑誌・コミック,コミック,女性漫画,ロマンス漫画"
"本・雑誌・コミック,コミック,女性漫画,ヒューマンドラマ"
"本・雑誌・コミック,コミック,女性漫画,コメディ漫画"
"本・雑誌・コミック,コミック,女性漫画,美容・ファッション漫画"
"本・雑誌・コミック,文庫・レーベル,文庫本,クラシック文学"
"本・雑誌・コミック,文庫・レーベル,文庫本,現代小説"
"本・雑誌・コミック,文庫・レーベル,文庫本,推理小説"
"本・雑誌・コミック,文庫・レーベル,文庫本,SF文庫"
"本・雑誌・コミック,文庫・レーベル,新書,経済新書"
"本・雑誌・コミック,文庫・レーベル,新書,歴史新書"
"本・雑誌・コミック,文庫・レーベル,新書,政治新書"
"本・雑誌・コミック,文庫・レーベル,新書,科学新書"
"本・雑誌・コミック,文庫・レーベル,社会評論,政治評論"
"本・雑誌・コミック,文庫・レーベル,社会評論,経済評論"
"本・雑誌・コミック,文庫・レーベル,社会評論,文化評論"
"本・雑誌・コミック,文庫・レーベル,社会評論,国際関係"
"本・雑誌・コミック,文庫・レーベル,翻訳書,海外小説"
"本・雑誌・コミック,文庫・レーベル,翻訳書,海外ノンフィクション"
"本・雑誌・コミック,文庫・レーベル,翻訳書,古典翻訳"
"本・雑誌・コミック,文庫・レーベル,翻訳書,ビジネス書"
"CD・音楽,音楽CD,ポップス,国内ポップ"
"CD・音楽,音楽CD,ポップス,海外ポップ"
"CD・音楽,音楽CD,ポップス,アイドルCD"
"CD・音楽,音楽CD,ポップス,オリジナルサウンドトラック"
"CD・音楽,音楽CD,ロック,オルタナティブ"
"CD・音楽,音楽CD,ロック,ヘヴィメタル"
"CD・音楽,音楽CD,ロック,インディーロック"
"CD・音楽,音楽CD,ロック,クラシックロック"
"CD・音楽,音楽CD,クラシック,交響曲"
"CD・音楽,音楽CD,クラシック,オペラ"
"CD・音楽,音楽CD,クラシック,バロック音楽"
"CD・音楽,音楽CD,クラシック,室内楽"
"CD・音楽,音楽CD,ジャズ,スムースジャズ"
"CD・音楽,音楽CD,ジャズ,フュージョン"
"CD・音楽,音楽CD,ジャズ,ビバップ"
"CD・音楽,音楽CD,ジャズ,ラテンジャズ"
"CD・音楽,デジタル音源,ダウンロード配信,MP3配信"
"CD・音楽,デジタル音源,ダウンロード配信,AAC配信"
"CD・音楽,デジタル音源,ダウンロード配信,FLAC配信"
"CD・音楽,デジタル音源,ダウンロード配信,DRMフリー配信"
"CD・音楽,デジタル音源,ストリーミング,定額ストリーミング"
"CD・音楽,デジタル音源,ストリーミング,広告付きストリーミング"
"CD・音楽,デジタル音源,ストリーミング,高音質ストリーミング"
"CD・音楽,デジタル音源,ストリーミング,ハイレゾストリーミング"
"CD・音楽,デジタル音源,ライブ音源,ライブCD"
"CD・音楽,デジタル音源,ライブ音源,ライブ配信"
"CD・音楽,デジタル音源,ライブ音源,コンサート録音"
"CD・音楽,デジタル音源,ライブ音源,フェス音源"
"CD・音楽,デジタル音源,リミックス,ダンスリミックス"
"CD・音楽,デジタル音源,リミックス,エレクトロリミックス"
"CD・音楽,デジタル音源,リミックス,クラブリミックス"
"CD・音楽,デジタル音源,リミックス,ボーカルリミックス"
"CD・音楽,レコード,シングル盤,7インチシングル"
"CD・音楽,レコード,シングル盤,10インチシングル"
"CD・音楽,レコード,シングル盤,カラーディスク"
"CD・音楽,レコード,シングル盤,限定シングル"
"CD・音楽,レコード,LP盤,クラシックLP"
"CD・音楽,レコード,LP盤,限定LP"
"CD・音楽,レコード,LP盤,新版LP"
"CD・音楽,レコード,LP盤,カラーヴィニール"
"CD・音楽,レコード,EP盤,ミニEP"
"CD・音楽,レコード,EP盤,限定EP"
"CD・音楽,レコード,EP盤,ボーナストラック付きEP"
"CD・音楽,レコード,EP盤,特典付きEP"
"CD・音楽,レコード,限定盤,特典付き限定盤"
"CD・音楽,レコード,限定盤,サイン入り限定盤"
"CD・音楽,レコード,限定盤,再録限定盤"
"CD・音楽,レコード,限定盤,コレクターズ限定盤"
"CD・音楽,音楽グッズ,アーティストグッズ,Tシャツ"
"CD・音楽,音楽グッズ,アーティストグッズ,ポスター"
"CD・音楽,音楽グッズ,アーティストグッズ,アクセサリー"
"CD・音楽,音楽グッズ,アーティストグッズ,タオル"
"CD・音楽,音楽グッズ,楽器アクセサリー,ギターアクセサリー"
"CD・音楽,音楽グッズ,楽器アクセサリー,ドラムスティック"
"CD・音楽,音楽グッズ,楽器アクセサリー,キーボードアクセサリー"
"CD・音楽,音楽グッズ,楽器アクセサリー,楽譜スタンド"
"CD・音楽,音楽グッズ,音楽書籍,アーティスト写真集"
"CD・音楽,音楽グッズ,音楽書籍,楽譜集"
"CD・音楽,音楽グッズ,音楽書籍,バイオグラフィー"
"CD・音楽,音楽グッズ,音楽書籍,ミュージックマガジン"
"CD・音楽,音楽グッズ,コンサートグッズ,ライブチケット"
"CD・音楽,音楽グッズ,コンサートグッズ,限定グッズ"
"CD・音楽,音楽グッズ,コンサートグッズ,フェスバッジ"
"CD・音楽,音楽グッズ,コンサートグッズ,サイン入りグッズ"
"おもちゃ・ホビー・グッズ,おもちゃ,教育玩具,積み木"
"おもちゃ・ホビー・グッズ,おもちゃ,教育玩具,知育ロボット"
"おもちゃ・ホビー・グッズ,おもちゃ,教育玩具,パズルブロック"
"おもちゃ・ホビー・グッズ,おもちゃ,教育玩具,数学玩具"
"おもちゃ・ホビー・グッズ,おもちゃ,アクションフィギュア,スーパー英雄"
"おもちゃ・ホビー・グッズ,おもちゃ,アクションフィギュア,SFキャラクター"
"おもちゃ・ホビー・グッズ,おもちゃ,アクションフィギュア,アニメフィギュア"
"おもちゃ・ホビー・グッズ,おもちゃ,アクションフィギュア,映画キャラクター"
"おもちゃ・ホビー・グッズ,おもちゃ,パズル,ジグソーパズル"
"おもちゃ・ホビー・グッズ,おもちゃ,パズル,立体パズル"
"おもちゃ・ホビー・グッズ,おもちゃ,パズル,ロジックパズル"
"おもちゃ・ホビー・グッズ,おもちゃ,パズル,マグネットパズル"
"おもちゃ・ホビー・グッズ,おもちゃ,知育玩具,幼児用おもちゃ"
"おもちゃ・ホビー・グッズ,おもちゃ,知育玩具,知育ゲーム"
"おもちゃ・ホビー・グッズ,おもちゃ,知育玩具,音の出る玩具"
"おもちゃ・ホビー・グッズ,おもちゃ,知育玩具,カラフルブロック"
"おもちゃ・ホビー・グッズ,ホビー,プラモデル,ガンダムモデル"
"おもちゃ・ホビー・グッズ,ホビー,プラモデル,自動車模型"
"おもちゃ・ホビー・グッズ,ホビー,プラモデル,戦闘機模型"
"おもちゃ・ホビー・グッズ,ホビー,プラモデル,船舶模型"
"おもちゃ・ホビー・グッズ,ホビー,ラジコン,ドローン"
"おもちゃ・ホビー・グッズ,ホビー,ラジコン,RCカー"
"おもちゃ・ホビー・グッズ,ホビー,ラジコン,ヘリコプター"
"おもちゃ・ホビー・グッズ,ホビー,ラジコン,ボート型RC"
"おもちゃ・ホビー・グッズ,ホビー,クラフトキット,手作りアクセサリーキット"
"おもちゃ・ホビー・グッズ,ホビー,クラフトキット,ビーズクラフト"
"おもちゃ・ホビー・グッズ,ホビー,クラフトキット,木工キット"
"おもちゃ・ホビー・グッズ,ホビー,クラフトキット,ペーパークラフト"
"おもちゃ・ホビー・グッズ,ホビー,ミニチュア,ミニチュア家具"
"おもちゃ・ホビー・グッズ,ホビー,ミニチュア,ミニチュア建物"
"おもちゃ・ホビー・グッズ,ホビー,ミニチュア,ミニチュアフード"
"おもちゃ・ホビー・グッズ,ホビー,ミニチュア,ミニチュア人形"
"おもちゃ・ホビー・グッズ,模型・プラモデル,1/144スケール,戦闘機1/144"
"おもちゃ・ホビー・グッズ,模型・プラモデル,1/144スケール,自動車1/144"
"おもちゃ・ホビー・グッズ,模型・プラモデル,1/144スケール,ミリタリーモデル1/144"
"おもちゃ・ホビー・グッズ,模型・プラモデル,1/144スケール,宇宙船1/144"
"おもちゃ・ホビー・グッズ,模型・プラモデル,1/72スケール,戦車1/72"
"おもちゃ・ホビー・グッズ,模型・プラモデル,1/72スケール,銃器1/72"
"おもちゃ・ホビー・グッズ,模型・プラモデル,1/72スケール,自動車1/72"
"おもちゃ・ホビー・グッズ,模型・プラモデル,1/72スケール,戦闘機1/72"
"おもちゃ・ホビー・グッズ,模型・プラモデル,1/48スケール,船舶1/48"
"おもちゃ・ホビー・グッズ,模型・プラモデル,1/48スケール,戦闘機1/48"
"おもちゃ・ホビー・グッズ,模型・プラモデル,1/48スケール,建造物1/48"
"おもちゃ・ホビー・グッズ,模型・プラモデル,1/48スケール,クラシック車1/48"
"おもちゃ・ホビー・グッズ,模型・プラモデル,ジオラマキット,都市ジオラマ"
"おもちゃ・ホビー・グッズ,模型・プラモデル,ジオラマキット,自然風景ジオラマ"
"おもちゃ・ホビー・グッズ,模型・プラモデル,ジオラマキット,戦争ジオラマ"
"おもちゃ・ホビー・グッズ,模型・プラモデル,ジオラマキット,ミニチュアジオラマ"
"おもちゃ・ホビー・グッズ,キャラクターグッズ,アニメキャラ,フィギュア"
"おもちゃ・ホビー・グッズ,キャラクターグッズ,アニメキャラ,キーホルダー"
"おもちゃ・ホビー・グッズ,キャラクターグッズ,アニメキャラ,Tシャツ"
"おもちゃ・ホビー・グッズ,キャラクターグッズ,アニメキャラ,マグカップ"
"おもちゃ・ホビー・グッズ,キャラクターグッズ,ゲームキャラ,コレクションフィギュア"
"おもちゃ・ホビー・グッズ,キャラクターグッズ,ゲームキャラ,ポスター"
"おもちゃ・ホビー・グッズ,キャラクターグッズ,ゲームキャラ,ステッカー"
"おもちゃ・ホビー・グッズ,キャラクターグッズ,ゲームキャラ,マウスパッド"
"おもちゃ・ホビー・グッズ,キャラクターグッズ,映画キャラ,レプリカ小物"
"おもちゃ・ホビー・グッズ,キャラクターグッズ,映画キャラ,フィギュア"
"おもちゃ・ホビー・グッズ,キャラクターグッズ,映画キャラ,ポスター"
"おもちゃ・ホビー・グッズ,キャラクターグッズ,映画キャラ,タオル"
"おもちゃ・ホビー・グッズ,キャラクターグッズ,スポーツチーム,ロゴグッズ"
"おもちゃ・ホビー・グッズ,キャラクターグッズ,スポーツチーム,キャップ"
"おもちゃ・ホビー・グッズ,キャラクターグッズ,スポーツチーム,タオル"
"おもちゃ・ホビー・グッズ,キャラクターグッズ,スポーツチーム,マフラー"
"花・ガーデン・DYI,園芸用品,植物・種苗,花の種"
"花・ガーデン・DYI,園芸用品,植物・種苗,野菜苗"
"花・ガーデン・DYI,園芸用品,植物・種苗,ハーブ苗"
"花・ガーデン・DYI,園芸用品,植物・種苗,多肉植物"
"花・ガーデン・DYI,園芸用品,肥料・資材,オーガニック肥料"
"花・ガーデン・DYI,園芸用品,肥料・資材,緩効性肥料"
"花・ガーデン・DYI,園芸用品,肥料・資材,液体肥料"
"花・ガーデン・DYI,園芸用品,肥料・資材,堆肥"
"花・ガーデン・DYI,園芸用品,園芸用工具,園芸用ハサミ"
"花・ガーデン・DYI,園芸用品,園芸用工具,シャベル"
"花・ガーデン・DYI,園芸用品,園芸用工具,鍬"
"花・ガーデン・DYI,園芸用品,園芸用工具,散水ホース"
"花・ガーデン・DYI,園芸用品,鉢・プランター,テラコッタ鉢"
"花・ガーデン・DYI,園芸用品,鉢・プランター,プラスチックプランター"
"花・ガーデン・DYI,園芸用品,鉢・プランター,セラミック鉢"
"花・ガーデン・DYI,園芸用品,鉢・プランター,ハンギングプランター"
"花・ガーデン・DYI,ガーデン家具,ガーデンテーブル,木製テーブル"
"花・ガーデン・DYI,ガーデン家具,ガーデンテーブル,金属製テーブル"
"花・ガーデン・DYI,ガーデン家具,ガーデンテーブル,ガラス天板テーブル"
"花・ガーデン・DYI,ガーデン家具,ガーデンテーブル,折りたたみテーブル"
"花・ガーデン・DYI,ガーデン家具,ガーデンチェア,プラスチックチェア"
"花・ガーデン・DYI,ガーデン家具,ガーデンチェア,木製チェア"
"花・ガーデン・DYI,ガーデン家具,ガーデンチェア,クッション付きチェア"
"花・ガーデン・DYI,ガーデン家具,ガーデンチェア,リクライニングチェア"
"花・ガーデン・DYI,ガーデン家具,パラソル,UVカットパラソル"
"花・ガーデン・DYI,ガーデン家具,パラソル,自動開閉パラソル"
"花・ガーデン・DYI,ガーデン家具,パラソル,カラフルパラソル"
"花・ガーデン・DYI,ガーデン家具,パラソル,アウトドアパラソル"
"花・ガーデン・DYI,ガーデン家具,アウトドアソファ,ロータイプソファ"
"花・ガーデン・DYI,ガーデン家具,アウトドアソファ,アームチェア"
"花・ガーデン・DYI,ガーデン家具,アウトドアソファ,ソファセット"
"花・ガーデン・DYI,ガーデン家具,アウトドアソファ,クッションソファ"
"花・ガーデン・DYI,ガーデンデコレーション,ガーデンライト,ソーラーライト"
"花・ガーデン・DYI,ガーデンデコレーション,ガーデンライト,LEDライト"
"花・ガーデン・DYI,ガーデンデコレーション,ガーデンライト,フェアリーライト"
"花・ガーデン・DYI,ガーデンデコレーション,ガーデンライト,スポットライト"
"花・ガーデン・DYI,ガーデンデコレーション,フェンス装飾,プランターフェンス"
"花・ガーデン・DYI,ガーデンデコレーション,フェンス装飾,デコレーションフェンス"
"花・ガーデン・DYI,ガーデンデコレーション,フェンス装飾,ウッドパネル"
"花・ガーデン・DYI,ガーデンデコレーション,フェンス装飾,アイアンフェンス"
"花・ガーデン・DYI,ガーデンデコレーション,ウォーターフィーチャー,小噴水"
"花・ガーデン・DYI,ガーデンデコレーション,ウォーターフィーチャー,庭用池"
"花・ガーデン・DYI,ガーデンデコレーション,ウォーターフィーチャー,ウォータードラム"
"花・ガーデン・DYI,ガーデンデコレーション,ウォーターフィーチャー,水遊びセット"
"花・ガーデン・DYI,ガーデンデコレーション,ガーデンオーナメント,ガーデン像"
"花・ガーデン・DYI,ガーデンデコレーション,ガーデンオーナメント,鳥の置物"
"花・ガーデン・DYI,ガーデンデコレーション,ガーデンオーナメント,風鈴"
"花・ガーデン・DYI,ガーデンデコレーション,ガーデンオーナメント,ガーデンステーク"
"花・ガーデン・DYI,DIY工具,電動工具,ドリル"
"花・ガーデン・DYI,DIY工具,電動工具,インパクトレンチ"
"花・ガーデン・DYI,DIY工具,電動工具,電動ノコギリ"
"花・ガーデン・DYI,DIY工具,電動工具,サンダー"
"花・ガーデン・DYI,DIY工具,手工具,ハンマー"
"花・ガーデン・DYI,DIY工具,手工具,スクリュードライバー"
"花・ガーデン・DYI,DIY工具,手工具,ペンチ"
"花・ガーデン・DYI,DIY工具,手工具,六角レンチ"
"花・ガーデン・DYI,DIY工具,塗装用品,ペイントブラシ"
"花・ガーデン・DYI,DIY工具,塗装用品,ローラー"
"花・ガーデン・DYI,DIY工具,塗装用品,スプレーガン"
"花・ガーデン・DYI,DIY工具,塗装用品,マスキングテープ"
"花・ガーデン・DYI,DIY工具,作業保護具,安全メガネ"
"花・ガーデン・DYI,DIY工具,作業保護具,耐熱手袋"
"花・ガーデン・DYI,DIY工具,作業保護具,ヘルメット"
"花・ガーデン・DYI,DIY工具,作業保護具,作業服"
